{"cameraMode":{"drawMode":0,"name":"Shaded","section":"Shading Mode"},"sceneLighting":false,"audioPlay":false,"sceneViewState":{"showFog":true,"showMaterialUpdate":false,"showSkybox":false,"showFlares":true,"showImageEffects":true,"showParticleSystems":true},"in2DMode":false,"pivot":{"x":-0.07947242259979248,"y":0.9098119139671326,"z":-2.2579236030578615},"rotation":{"x":0.034987278282642367,"y":-0.5028740167617798,"z":0.02037755399942398,"w":0.8634110689163208},"size":0.8663055300712586,"orthographic":false}